zone_id,mean_ndvi,mean_mvi,mean_temperature,annual_precipitation,mean_wind_speed,mean_elevation,mean_slope,nearest_aquaculture_distance_m,nearest_river_distance_m,lat,lon,municipality
ZONE_00fa0000000000001876,0.5842683358922877,1.4256484149855908,26.992435654112434,2901.216137495123,3.883662521316635,0,0.0,-1,-1,11.526282853695012,123.11954500118921,Carles
ZONE_00fa00000000000018ae,0.5842683358922877,1.4256484149855908,26.992435654112434,2901.216137495123,3.883662521316635,0,0.2725095641721698,-1,-1,11.522780300294466,123.12008258540884,Carles
ZONE_00fa00000000000018e1,0.6133899104196134,1.3473797947055646,26.95497941317491,2902.2739402579928,3.8289700433414198,0,0.0,-1,-1,11.517253671258972,123.10917090706478,Carles
ZONE_00fa00000000000018ef,0.436993699369937,1.0666666666666667,26.96393089768713,2901.3248662523765,3.8473064045326093,0,0.0,-1,-1,11.518738013619535,123.11253804769304,Carles
ZONE_00fa000000000000195e,-0.1891891891891892,2.2967032967032965,26.94498595370247,2899.994199751759,3.8337531069072677,0,0.0,-1,-1,11.5088994270114,123.2312500607438,Carles
ZONE_00fa0000000000001998,0.5011709601873536,1.5305535585909418,26.89990360430974,2901.504306419587,3.766041697845073,0,0.0,-1,-1,11.50256940666579,123.10418319711968,Carles
ZONE_00fa0000000000001a83,0.5051391326146903,1.0234156273861033,26.877063874685582,2900.5329755626253,3.7443659040920654,4,0.5270470638334351,-1,-1,11.491921838485673,123.11617526768583,Balasan
ZONE_00fa0000000000001a97,0.39859154929577467,0.7952622673434856,26.855855832013408,2903.0884350802476,3.698601488058557,4,0.5270470638334351,-1,-1,11.488687529624567,123.10701272754541,Balasan
ZONE_00fa0000000000001ab4,0.44157441574415746,1.0005216484089723,26.88157942959684,2899.9802532124995,3.7541751381579846,10,0.13176525018407376,-1,-1,11.48909232393928,123.13328887261336,Balasan
ZONE_00fa0000000000001abd,0.5051391326146903,1.0234156273861033,26.877063874685582,2900.5329755626253,3.7443659040920654,10,0.13176525018407376,-1,-1,11.487747029947407,123.13086315348329,Balasan
ZONE_00fa0000000000001b31,0.45484790874524716,0.8974008207934336,26.855169820528733,2899.660168597216,3.721749914489841,8,0.40684726916028624,-1,-1,11.483568313088483,123.12048903831848,Balasan
ZONE_00fa0000000000002126,-0.03051237766263673,1.8108108108108107,,,,0,0.0,-1,-1,11.59360999154824,123.34690763646432,Carles
ZONE_00fa000000000000215b,0.5334093500570125,1.2136075949367089,26.969224147088873,2900.753751563602,3.858224065866937,0,0.0,-1,-1,11.519680597463884,123.11172775756083,Carles
ZONE_00fa000000000000218e,0.5342105263157895,1.347705914870094,26.93874155466286,2900.7104981878597,3.8205517771127684,0,0.0,-1,-1,11.511506339871717,123.11163870437407,Carles
ZONE_00fa00000000000021ba,0.5410974762676546,1.2164256198347108,26.944638571018398,2900.034944303189,3.833011925801353,4,0.08283103691927783,-1,-1,11.504589454254214,123.1634723107814,Carles
ZONE_00fa0000000000002238,0.42714285714285716,1.3501779359430606,26.844098242675006,2907.8082950167604,3.648800115344774,0,0.37794826385745584,-1,-1,11.495965731159927,123.09986940990169,Carles
ZONE_00fa000000000000223c,0.5174693106704438,1.1177675371223759,26.869611807482638,2904.9625200079126,3.702126811161604,6,0.6767190097218336,-1,-1,11.495695869975421,123.10175749108605,Carles
ZONE_00fa000000000000228b,0.49387755102040815,1.0006613756613756,26.883822966869268,2899.703325470274,3.759066289872518,21,0.24365328398437514,-1,-1,11.493540949451308,123.12735971033403,Balasan
ZONE_00fa00000000000022d8,0.39859154929577467,0.7952622673434856,26.855855832013408,2903.0884350802476,3.698601488058557,4,0.5270470638334351,-1,-1,11.488957413773306,123.10634133759653,Balasan
ZONE_00fa00000000000022f7,0.5356273896419882,1.050949720670391,26.836294256969232,2905.4077523204987,3.6566754834034065,14,0.5916139765840523,-1,-1,11.48626284292426,123.10984484000062,Balasan
ZONE_00fa0000000000002336,0.39869281045751637,0.9869178440607012,26.82783170281705,2903.0835755318412,3.661777461949139,14,0.5916139765840523,-1,-1,11.481504013138155,123.10382421309959,Balasan
ZONE_00fa000000000000236f,-0.14533622559652928,1.0175438596491229,26.837254135367633,2898.5432332481055,3.702734221600186,4,0.22829221091118793,-1,-1,11.475035733053243,123.13535553519061,Estancia
ZONE_00fa000000000000239e,0.7060104529616724,1.7077600440286187,26.836125038880738,2898.6910437792258,3.7002084886471938,4,0.22829221091118793,-1,-1,11.47377591371451,123.13373731102503,Estancia
ZONE_00fa000000000000293e,0.436993699369937,1.0666666666666667,26.96393089768713,2901.3248662523765,3.8473064045326093,0,0.0,-1,-1,11.518198249118722,123.11213417724342,Carles
ZONE_00fa0000000000002951,0.6133899104196134,1.3473797947055646,26.95497941317491,2902.2739402579928,3.8289700433414198,0,0.0,-1,-1,11.517253670468197,123.10728279992263,Carles
ZONE_00fa000000000000296d,0.5402567094515752,1.077386468952734,26.940928458995383,2903.7327154899813,3.800422032918288,0,0.0,-1,-1,11.51307850320321,123.1106499724563,Carles
ZONE_00fa0000000000002981,0.5342105263157895,1.347705914870094,26.93874155466286,2900.7104981878597,3.8205517771127684,0,0.0,-1,-1,11.5107885279187,123.11294190708709,Carles
ZONE_00fa0000000000002a41,-0.032890132960111965,1.2644230769230769,26.91454978130552,2899.778612956906,3.7973503838005183,0,0.0,-1,-1,11.49866037104788,123.22808384874051,Carles
ZONE_00fa0000000000002a45,0.491370442336267,0.9628681177976952,26.914447813473213,2899.791014176955,3.79712948492772,4,0.2103452280808684,-1,-1,11.498120656008451,123.162325998312,Carles
ZONE_00fa0000000000002a9a,0.5011709601873536,1.5305535585909418,26.89990360430974,2901.504306419587,3.766041697845073,21,0.24365328398437514,-1,-1,11.49374367285448,123.12419350072945,Balasan
ZONE_00fa0000000000002ada,0.061394380853277836,0.7105263157894737,26.885268742941943,2899.5233164175993,3.762229973895843,0,0.3201911414023515,-1,-1,11.491517026900867,123.20429998050821,Carles
ZONE_00fa0000000000002af0,0.5051391326146903,1.0234156273861033,26.877063874685582,2900.5329755626253,3.7443659040920654,21,0.24365328398437514,-1,-1,11.491921836155228,123.12210446744399,Balasan
ZONE_00fa0000000000002aff,0.44157441574415746,1.0005216484089723,26.88157942959684,2899.9802532124995,3.7541751381579846,10,0.13176525018407376,-1,-1,11.4899018846409,123.13638850422585,Balasan
ZONE_00fa0000000000002b25,-0.04970178926441352,0.9793510324483776,26.885268742941925,2899.5233164175975,3.7622299738958427,0,0.02898408935833211,-1,-1,11.488014885246026,123.18718644046663,Carles
ZONE_00fa0000000000002b2e,0.5924443332499375,1.4441214470284238,26.86897749743682,2901.513605933404,3.7268690949979164,12,0.3368188525341796,-1,-1,11.48855261549197,123.12345236784614,Balasan
ZONE_00fa0000000000002b6d,0.43974227558939816,1.0651610514624212,26.85867009134715,2899.2141842220703,3.729486548451905,8,0.2393000949088041,-1,-1,11.483028620670144,123.14420315686381,Estancia
ZONE_00fa0000000000002c33,0.472,0.869987063389392,26.80519977386831,2902.6854163752378,3.63143956004844,3,0.24363146302037517,-1,-1,11.468072333597451,123.1167128656173,Estancia
ZONE_00fa0000000000003021,0.5334093500570125,1.2136075949367089,26.969224147088873,2900.753751563602,3.858224065866937,0,0.0,-1,-1,11.519412713929421,123.11523378871831,Carles
ZONE_00fa0000000000003030,0.6133899104196134,1.3473797947055646,26.95497941317491,2902.2739402579928,3.8289700433414198,0,0.0,-1,-1,11.517901590441648,123.1056382889619,Carles
ZONE_00fa0000000000003032,0.6133899104196134,1.3473797947055646,26.95497941317491,2902.2739402579928,3.8289700433414198,0,0.0,-1,-1,11.516285656148572,123.10709471509284,Carles
ZONE_00fa00000000000030eb,0.42714285714285716,1.3501779359430606,26.844098242675006,2907.8082950167604,3.648800115344774,0,0.37794826385745584,-1,-1,11.49413323160142,123.10191844320745,Carles
ZONE_00fa0000000000003143,0.604178757980267,1.166704365528161,26.850306057878864,2900.275071104022,3.7110359529339525,8,0.40684726916028624,-1,-1,11.482059196649326,123.12175455340795,Balasan
ZONE_00fa0000000000003148,0.39869281045751637,0.9869178440607012,26.82783170281705,2903.0835755318412,3.661777461949139,14,0.5916139765840523,-1,-1,11.481898510462317,123.10456041193277,Balasan
ZONE_00fa0000000000003522,0.436993699369937,1.0666666666666667,26.96393089768713,2901.3248662523765,3.8473064045326093,0,0.0,-1,-1,11.519500840348087,123.11069744919931,Carles
ZONE_00fa0000000000003524,0.6133899104196134,1.3473797947055646,26.95497941317491,2902.2739402579928,3.8289700433414198,0,0.0,-1,-1,11.51712113244421,123.10431682377101,Carles
ZONE_00fa0000000000003547,-0.1891891891891892,2.2967032967032965,26.94498595370247,2899.994199751759,3.8337531069072677,0,0.0,-1,-1,11.508092932306733,123.23106941318301,Carles
ZONE_00fa000000000000355e,0.44508118433619864,0.9103286384976526,26.905343859004063,2904.379064981599,3.751174400857844,0,0.18369394012177784,-1,-1,11.504994237182704,123.10768668787271,Carles
ZONE_00fa000000000000359e,0.491370442336267,0.9628681177976952,26.914447813473213,2899.791014176955,3.79712948492772,0,0.23487422811483824,-1,-1,11.496640373175017,123.16145048787132,Carles
ZONE_00fa00000000000035b2,0.43829219479653103,0.8534176214934809,26.91413466914951,2899.828916195012,3.796452480516825,0,0.23487422811483824,-1,-1,11.49610064444516,123.15889104999462,Carles
ZONE_00fa0000000000003619,0.39859154929577467,0.7952622673434856,26.855855832013408,2903.0884350802476,3.698601488058557,12,0.3368188525341796,-1,-1,11.487207330048232,123.11271640134848,Balasan
ZONE_00fa0000000000003631,0.5051391326146903,1.0234156273861033,26.877063874685582,2900.5329755626253,3.7443659040920654,8,0.40684726916028624,-1,-1,11.48639776277136,123.12951786973784,Balasan
ZONE_00fa000000000000368f,0.08122157244964262,0.7625,26.85919233117505,2899.1471249574647,3.7306447758274257,15,0.32668013814048674,-1,-1,11.478044427726688,123.19244165175994,Carles
ZONE_00fa00000000000036b3,-0.06535488404778636,1.2259136212624584,26.83781177609719,2898.470011349105,3.703983309164047,7,0.6062208635072899,-1,-1,11.474405554967253,123.18624496308578,Carles
ZONE_00fa0000000000003a2a,0.5842683358922877,1.4256484149855908,26.992435654112434,2901.216137495123,3.883662521316635,0,0.0,-1,-1,11.521334068124528,123.12820760634536,Carles
ZONE_00fa0000000000003adc,0.08122157244964262,0.7625,26.85919233117505,2899.1471249574647,3.7306447758274257,11,0.4611574514543061,-1,-1,11.478987178381793,123.19149962264713,Carles
ZONE_00fa0000000000003d0c,0.5842683358922877,1.4256484149855908,26.992435654112434,2901.216137495123,3.883662521316635,0,0.0,-1,-1,11.525541317548313,123.12001590026814,Carles
ZONE_00fa0000000000003d24,0.5402567094515752,1.077386468952734,26.940928458995383,2903.7327154899813,3.800422032918288,0,0.0,-1,-1,11.515571053051346,123.1040824727301,Carles
ZONE_00fa0000000000003d3c,0.22242647058823528,0.1390532544378698,26.944985953702453,2899.9941997517576,3.833753106907267,7,0.2521394647112037,-1,-1,11.511461240475036,123.17681232321407,Carles
ZONE_00fa0000000000003d5d,0.22242647058823528,0.1390532544378698,26.944985953702453,2899.9941997517576,3.833753106907267,7,0.2521394647112037,-1,-1,11.510821942083465,123.17512744967641,Carles
ZONE_00fa0000000000003d92,0.5260528194147038,1.2163970998326827,26.887853604427722,2902.892817453334,3.7405193936397825,10,0.3130631355931324,-1,-1,11.496234321137063,123.11698299585157,Carles
ZONE_00fa0000000000003d9b,0.39859154929577467,0.7952622673434856,26.855855832013408,2903.0884350802476,3.698601488058557,4,0.5270470638334351,-1,-1,11.489733454265801,123.10913578318237,Balasan
ZONE_00fa0000000000003db4,-0.062146892655367235,1.0555555555555556,26.859063108085792,2899.163757897629,3.730357882843899,5,0.29037834359901843,-1,-1,11.482758771908738,123.155522606444,Estancia
ZONE_00fa0000000000003dec,0.5350035120580661,1.187888198757764,26.841679383914844,2901.3582062027062,3.692089700805094,7,0.17640181377476555,-1,-1,11.476358104579143,123.12594568336776,Balasan
ZONE_00fa0000000000003e13,0.39694830334775677,2.502377179080824,26.803210176303942,2864.6970571720817,3.580794130488103,3,0.08281902168022537,-1,-1,11.41642982897318,123.12820349020419,Batad
ZONE_00fa0000000000004015,-0.12164477441462021,1.1851851851851851,26.94498595370245,2899.9941997517576,3.8337531069072663,7,0.2521394647112037,-1,-1,11.509738801269704,123.17437189614253,Carles
ZONE_00fa000000000000403e,-0.032890132960111965,1.2644230769230769,26.91454978130552,2899.778612956906,3.7973503838005183,0,0.1183329195951589,-1,-1,11.497193046626878,123.22482640762968,Carles
ZONE_00fa000000000000405c,0.5924443332499375,1.4441214470284238,26.86897749743682,2901.513605933404,3.7268690949979164,5,0.4226707417577489,-1,-1,11.492671363287483,123.10442354945089,Balasan
ZONE_00fa0000000000004065,0.39859154929577467,0.7952622673434856,26.855855832013408,2903.0884350802476,3.698601488058557,21,0.24365328398437514,-1,-1,11.48772855834054,123.1074757266902,Balasan
ZONE_00fa0000000000004269,-0.19189645469893077,0.9906666666666667,27.050250460463946,2900.7071359744073,3.9595834691843965,0,0.0,-1,-1,11.556305972472787,123.1556029955138,Carles
ZONE_00fa000000000000427c,0.4787430683918669,1.0819011815252417,26.99658632999079,2900.7851985132656,3.892095760419341,9,0.1715923643337105,-1,-1,11.522968264197155,123.12771047644911,Carles
ZONE_00fa0000000000004287,0.5334093500570125,1.2136075949367089,26.969224147088873,2900.753751563602,3.858224065866937,0,0.18369394012177784,-1,-1,11.51350852437979,123.13296518548213,Carles
ZONE_00fa000000000000428b,0.5334093500570125,1.2136075949367089,26.969224147088873,2900.753751563602,3.858224065866937,2,0.3398722793546347,-1,-1,11.511567717661578,123.13253517370912,Carles
ZONE_00fa00000000000042b7,0.491370442336267,0.9628681177976952,26.914447813473213,2899.791014176955,3.79712948492772,4,0.2103452280808684,-1,-1,11.498147473246327,123.16368635703944,Carles
ZONE_00fa0000000000004304,-0.04980340760157274,1.1362530413625305,26.859192331175045,2899.1471249574647,3.7306447758274253,11,0.4611574514543061,-1,-1,11.477909508074251,123.18570735454632,Carles
ZONE_00fa0000000000004307,-0.07238605898123325,1.1917098445595855,26.83781177609719,2898.470011349105,3.7039833091640464,2,0.18792573081211977,-1,-1,11.475134040632572,123.1622331152288,Estancia
ZONE_00fa000000000000430a,0.7060104529616724,1.7077600440286187,26.836125038880738,2898.6910437792258,3.7002084886471938,4,0.22829221091118793,-1,-1,11.474675372764217,123.13388251465757,Estancia
ZONE_00fa0000000000004471,0.5402567094515752,1.077386468952734,26.940928458995383,2903.7327154899813,3.800422032918288,0,0.0,-1,-1,11.51625003634704,123.09884304234693,Carles
ZONE_00fa0000000000004484,0.5366430260047281,1.2748735244519394,26.94490096913059,2900.004208253661,3.8335714750604852,8,0.08875256015092443,-1,-1,11.507701320207008,123.16442648302286,Carles
ZONE_00fa0000000000004489,0.26685281212604706,0.9871086556169429,26.944974046589856,2899.995607089969,3.833727620394982,7,0.2521394647112037,-1,-1,11.507284176651721,123.17351806005736,Carles
ZONE_00fa00000000000044bf,0.43974227558939816,1.0651610514624212,26.85867009134715,2899.2141842220703,3.729486548451905,5,0.29037834359901843,-1,-1,11.481315117453773,123.15568202129175,Estancia
ZONE_00fa00000000000044da,-0.14533622559652928,1.0175438596491229,26.837254135367633,2898.5432332481055,3.702734221600186,0,0.2070623278977228,-1,-1,11.469701636956646,123.15940555701391,Estancia
ZONE_00fa0000000000004642,0.5334093500570125,1.2136075949367089,26.969224147088873,2900.753751563602,3.858224065866937,2,0.3398722793546347,-1,-1,11.513593143993408,123.13609546378595,Carles
ZONE_00fa0000000000004852,0.39869281045751637,0.9869178440607012,26.82783170281705,2903.0835755318412,3.661777461949139,8,0.17983879402587552,-1,-1,11.481993326743444,123.10884881464408,Balasan
ZONE_00fa00000000000049c6,0.45484790874524716,0.8974008207934336,26.855169820528733,2899.660168597216,3.721749914489841,8,0.2393000949088041,-1,-1,11.48018010185851,123.13761900629164,Estancia
ZONE_00fa00000000000049cd,0.39694830334775677,2.502377179080824,26.803210176303942,2864.6970571720817,3.580794130488103,7,0.10516245890862894,-1,-1,11.414617048217282,123.12813072440498,Batad
ZONE_00fa0000000000004b3f,-0.09813365442504515,1.036,26.837673376557355,2898.4882159159,3.703673060263375,2,0.18792573081211977,-1,-1,11.471675455599076,123.15797370276083,Estancia
ZONE_00fa0000000000004bfa,-0.1895910780669145,0.8919213973799127,27.050238715608142,2900.7083053312595,3.959559984706376,0,0.02898408935833211,-1,-1,11.554833642519739,123.15516866510009,Carles
ZONE_00fa0000000000004d0d,0.4889580973952435,1.4891811624946967,27.064105385101666,2900.8027076392964,3.976132153089369,0,0.0,-1,-1,11.576512246239654,123.15080442350511,Carles
ZONE_00fa0000000000004e6a,0.45484790874524716,0.8974008207934336,26.855169820528733,2899.660168597216,3.721749914489841,8,0.17983879402587552,-1,-1,11.484675863233747,123.12184966496945,Balasan
ZONE_00fa0000000000004edc,0.44157441574415746,1.0005216484089723,26.88157942959684,2899.9802532124995,3.7541751381579846,21,0.24365328398437514,-1,-1,11.492036568959303,123.12482082943544,Balasan
ZONE_00fa0000000000004eed,0.39869281045751637,0.9869178440607012,26.82783170281705,2903.0835755318412,3.661777461949139,8,0.17983879402587552,-1,-1,11.479626328093952,123.10890795230668,Balasan
ZONE_00fa0000000000004f69,0.4254199047380296,0.9785794813979707,26.972073528638383,2900.4413687294173,3.864138523254601,2,0.21034945321133183,-1,-1,11.51644827762756,123.1377359825788,Carles
ZONE_00fa0000000000004f7c,0.44157441574415746,1.0005216484089723,26.88157942959684,2899.9802532124995,3.7541751381579846,10,0.13176525018407376,-1,-1,11.490641789169118,123.13553941462179,Balasan
ZONE_00fa0000000000004ff3,-0.032890132960111965,1.2644230769230769,26.91454978130552,2899.778612956906,3.7973503838005183,0,0.0,-1,-1,11.497940567946648,123.22323521414431,Carles
ZONE_00fa0000000000004fff,0.5011709601873536,1.5305535585909418,26.89990360430974,2901.504306419587,3.766041697845073,6,0.6767190097218336,-1,-1,11.497760485096407,123.11926220336615,Carles
ZONE_00fa000000000000500a,0.5051391326146903,1.0234156273861033,26.877063874685582,2900.5329755626253,3.7443659040920654,21,0.24365328398437514,-1,-1,11.490460142384624,123.12200778617668,Balasan
ZONE_00fa0000000000005097,0.436993699369937,1.0666666666666667,26.96393089768713,2901.3248662523765,3.8473064045326093,0,0.0,-1,-1,11.519324058745482,123.10404859894871,Carles
ZONE_00fa00000000000050a6,0.5112618067328651,1.418668496911462,26.907237003795586,2900.648172349079,3.7816581278468555,10,0.1656617276105375,-1,-1,11.497925036676044,123.13100969213087,Carles
ZONE_00fa0000000000005204,0.5011709601873536,1.5305535585909418,26.89990360430974,2901.504306419587,3.766041697845073,21,0.24365328398437514,-1,-1,11.494202181003542,123.13003360306053,Balasan
ZONE_00fa0000000000005248,-0.08695652173913043,0.9188846641318125,27.000478980832828,2900.369938044451,3.9000887763545147,0,0.0,-1,-1,11.52743070051651,123.18057888573712,Carles
ZONE_00fa00000000000052cb,0.5356273896419882,1.050949720670391,26.836294256969232,2905.4077523204987,3.6566754834034065,14,0.5916139765840523,-1,-1,11.484646683219383,123.10767683825279,Balasan
ZONE_00fa00000000000055cb,0.03737604881769641,1.3888888888888888,26.914535442781542,2899.7803623826144,3.79731927914519,4,0.08283103691927783,-1,-1,11.501323390278921,123.16331362232928,Carles
ZONE_00fa00000000000055ce,0.39869281045751637,0.9869178440607012,26.82783170281705,2903.0835755318412,3.661777461949139,14,0.5916139765840523,-1,-1,11.482944459014066,123.10448827464897,Balasan
ZONE_00fa000000000000564c,-0.11623439000960614,1.070945945945946,27.022105599166494,2900.5203479142965,3.925910880950861,0,0.0295870276344395,-1,-1,11.538546026992819,123.1481605124559,Carles
ZONE_00fa00000000000056e0,0.5402567094515752,1.077386468952734,26.940928458995383,2903.7327154899813,3.800422032918288,0,0.0,-1,-1,11.514394051333754,123.10553993488283,Carles
ZONE_00fa00000000000056e9,0.49387755102040815,1.0006613756613756,26.883822966869268,2899.703325470274,3.759066289872518,12,0.3368188525341796,-1,-1,11.49233620811096,123.13102216149358,Balasan
ZONE_00fa00000000000056f9,-0.06535488404778636,1.2259136212624584,26.83781177609719,2898.470011349105,3.703983309164047,7,0.6062208635072899,-1,-1,11.474532279711077,123.18880517840233,Carles
ZONE_00fa00000000000057cc,0.6467857971687166,1.5244695898161245,27.06411928723985,2900.801453792606,3.9761589657870973,0,0.0,-1,-1,11.580300834123896,123.14772103723432,Carles
ZONE_00fa00000000000057e6,0.32912192040429566,-125.33333333333333,27.021995257286907,2900.532025645343,3.925685015082057,1,0.41708825627428314,-1,-1,11.535736406557756,123.14721871970097,Carles
ZONE_00fa00000000000058b8,0.49387755102040815,1.0006613756613756,26.883822966869268,2899.703325470274,3.759066289872518,12,0.3368188525341796,-1,-1,11.492781124205724,123.1350553745077,Balasan
ZONE_00fa00000000000058bb,0.5924443332499375,1.4441214470284238,26.86897749743682,2901.513605933404,3.7268690949979164,21,0.24365328398437514,-1,-1,11.489955621912234,123.11465690806158,Balasan
ZONE_00fa00000000000059ce,0.6344009489916963,1.5819544177333749,26.819477906716553,2900.8492065100504,3.663129590887422,7,0.17640181377476555,-1,-1,11.470773619066478,123.11768585363453,Balasan
ZONE_00fa0000000000005aa4,0.604178757980267,1.166704365528161,26.850306057878864,2900.275071104022,3.7110359529339525,14,0.5916139765840523,-1,-1,11.484321696576618,123.1125252679122,Balasan
ZONE_00fa0000000000005c87,0.41419416093045336,0.9476923076923077,26.942223439981632,2900.3141977733876,3.8278893475017517,6,0.23187146880726955,-1,-1,11.50911474729609,123.13531223489503,Carles
ZONE_00fa0000000000005cab,0.5174693106704438,1.1177675371223759,26.869611807482638,2904.9625200079126,3.702126811161604,0,0.37794826385745584,-1,-1,11.495002161452446,123.10432302622752,Carles
ZONE_00fa0000000000005cf2,0.3886138613861386,6.028169014084507,26.859192331175052,2899.1471249574647,3.7306447758274266,11,0.4611574514543061,-1,-1,11.480613904996096,123.19495897432327,Carles
ZONE_00fa0000000000005e1a,0.45484790874524716,0.8974008207934336,26.855169820528733,2899.660168597216,3.721749914489841,7,0.23187146880717693,-1,-1,11.481257086039603,123.1325859384917,Balasan
ZONE_00fa0000000000005fef,-0.03882476390346275,1.153061224489796,,,,0,0.0,-1,-1,11.59452761161697,123.33955002315216,Carles
ZONE_00fa0000000000006025,0.55,1.3355106888361046,26.828451764008147,2899.689110030083,3.683092555409558,7,0.17640181377476555,-1,-1,11.473740102656452,123.122184873955,Balasan
ZONE_00fa0000000000006049,0.24721240141419634,3.0271317829457365,26.99878950016694,2900.552416034876,3.896602666587683,5,0.27043151568291135,-1,-1,11.52249109909781,123.14075414627685,Carles
ZONE_00fa000000000000607e,0.7520441988950276,2.382962962962963,26.815798830216256,2849.74861483097,3.5716410432592243,6,0.13015241980874168,-1,-1,11.411149148236698,123.13044789009714,Batad
ZONE_00fa00000000000062a2,0.4990624162871685,1.3176895306859207,26.820156992585222,2897.3981501411417,3.678538589131239,2,0.10516875393280611,-1,-1,11.46660847874528,123.12684804823584,Estancia
ZONE_00fa00000000000062b3,0.28615384615384615,3.5046728971962615,27.020938438314634,2900.6420863903836,3.9235352423550975,0,0.2725095641721698,-1,-1,11.529749414498816,123.14426392023547,Carles
ZONE_00fa000000000000635b,0.42714285714285716,1.3501779359430606,26.844098242675006,2907.8082950167604,3.648800115344774,0,0.21200695808666142,-1,-1,11.495764909269845,123.09644207803159,Carles
ZONE_00fa0000000000006402,0.3886138613861386,6.028169014084507,26.859192331175052,2899.1471249574647,3.7306447758274266,1,0.3689460366204813,-1,-1,11.482723958797557,123.19008735693511,Carles
ZONE_00fa00000000000064d6,0.3886138613861386,6.028169014084507,26.859192331175052,2899.1471249574647,3.7306447758274266,0,0.20503292800893558,-1,-1,11.483773160227514,123.18361789668823,Carles
ZONE_00fa0000000000006515,0.44157441574415746,1.0005216484089723,26.88157942959684,2899.9802532124995,3.7541751381579846,10,0.13176525018407376,-1,-1,11.489517846869418,123.13891935758073,Balasan
ZONE_00fa00000000000065cd,0.6133899104196134,1.3473797947055646,26.95497941317491,2902.2739402579928,3.8289700433414198,0,0.0,-1,-1,11.51982949452252,123.09903337875207,Carles
ZONE_00fa00000000000065ed,-0.02710027100271003,2.2045454545454546,26.91454978130552,2899.778612956906,3.797350383800518,0,0.02958233168547282,-1,-1,11.494321080778805,123.2255619836403,Carles
ZONE_00fa00000000000065fc,0.374910394265233,-2.34,26.88526874294193,2899.523316417598,3.7622299738958427,1,0.3689460366204813,-1,-1,11.485384139572382,123.19932259353986,Carles
ZONE_00fa000000000000667c,-0.18873826903023982,0.9821029082774049,27.038651092253495,2900.6309003853307,3.9457003153390175,0,0.04141889731800528,-1,-1,11.54729886853036,123.15055668868605,Carles
ZONE_00fa00000000000066b2,0.5174693106704438,1.1177675371223759,26.869611807482638,2904.9625200079126,3.702126811161604,5,0.4226707417577489,-1,-1,11.495317094095977,123.11018271291175,Balasan
ZONE_00fa0000000000006812,-0.08891108891108891,1.1829787234042553,27.065099150583357,2900.8074753984447,3.977334917750321,0,0.0,-1,-1,11.588723181632634,123.2096148331756,Carles
ZONE_00fb00000000000012c3,0.7999532601075018,2.2860723236663087,26.839996417422228,2775.8157838494953,3.4371723275803134,28,0.9733916890588358,-1,-1,11.365799590454738,123.11226794086865,San Dionisio
ZONE_00fb000000000000130b,0.4435683182299635,1.1134564643799472,26.833033967421194,2713.643738343634,3.3332987842506534,0,0.0,-1,-1,11.262313506682684,123.13328886845952,Concepcion
ZONE_00fb000000000000189d,0.5163799198680179,1.151564185544768,26.818701100252333,2711.800757184628,3.306073049385434,44,3.1137700003968196,-1,-1,11.285087390471539,123.09946816413289,San Dionisio
ZONE_00fb00000000000018ba,-0.08801817149346962,1.0756302521008403,26.858486026616735,2737.397150254247,3.4013460154345903,0,0.0,-1,-1,11.265009950088949,123.14312537133264,Concepcion
ZONE_00fb0000000000001934,-0.07728894173602854,1.1566265060240963,26.697772431459043,2573.0255476259244,2.9578351784323185,9,0.5837349742902628,-1,-1,11.14764189468673,123.08370247799219,Ajuy
ZONE_00fb0000000000001965,-0.05190989226248776,2.046153846153846,26.697772431459043,2573.0255476259244,2.9578351784323185,151,6.705196913698017,-1,-1,11.124466362797785,123.13531066915817,Ajuy
ZONE_00fb0000000000001cc3,0.7999532601075018,2.2860723236663087,26.839996417422228,2775.8157838494953,3.4371723275803134,28,0.9733916890588358,-1,-1,11.366177407685988,123.11366947634085,San Dionisio
ZONE_00fb0000000000001cc5,0.7999532601075018,2.2860723236663087,26.839996417422228,2775.8157838494953,3.4371723275803134,28,0.9733916890588358,-1,-1,11.365637528882583,123.11463922656613,San Dionisio
ZONE_00fb0000000000001ce2,0.696363286511449,5.933206106870229,26.87197152588617,2750.7564885646666,3.438238974093796,2,2.9264672288077023,-1,-1,11.303220584291847,123.15382230368333,Concepcion
ZONE_00fb0000000000001d08,-0.028277634961439587,1.1437699680511182,26.865571480053823,2744.232610168471,3.4205036855871103,0,0.0,-1,-1,11.26430867457863,123.15059060305931,Concepcion
ZONE_00fb0000000000001d09,-0.028277634961439587,1.1437699680511182,26.865571480053823,2744.232610168471,3.4205036855871103,0,0.0,-1,-1,11.264416125883745,123.15360876669769,Concepcion
ZONE_00fb0000000000001d38,-0.08801817149346962,1.0756302521008403,26.858486026616735,2737.397150254247,3.4013460154345903,0,0.0,-1,-1,11.261343009234189,123.14827333669427,Concepcion
ZONE_00fb0000000000001d7d,-0.04362801377726751,0.9788135593220338,26.697772431459043,2573.0255476259244,2.9578351784323185,58,1.7425201255705562,-1,-1,11.174619872501959,123.08472667902589,Concepcion
ZONE_00fb0000000000001d92,-0.03296703296703297,1.4144144144144144,26.697772431459043,2573.0255476259244,2.9578351784323185,28,0.7576182955131814,-1,-1,11.167234707922095,123.09410365774787,Concepcion
ZONE_00fb000000000000203d,-0.08801817149346962,1.0756302521008403,26.858486026616735,2737.397150254247,3.4013460154345903,0,0.08695220873832954,-1,-1,11.263166933829492,123.15174944055465,Concepcion
ZONE_00fb0000000000002044,-0.08801817149346962,1.0756302521008403,26.858486026616735,2737.397150254247,3.4013460154345903,0,0.08695220873832954,-1,-1,11.26298762578554,123.15013235508772,Concepcion
ZONE_00fb0000000000002065,-0.02748414376321353,1.0681198910081744,26.697772431459043,2573.0255476259244,2.9578351784323185,42,1.3426319332039698,-1,-1,11.177603261668214,123.08042280655464,Concepcion
ZONE_00fb0000000000002086,-0.04029692470837752,1.053475935828877,26.697772431459043,2573.0255476259244,2.9578351784323185,12,0.6354690120015282,-1,-1,11.166101983350709,123.08437642093008,Ajuy
ZONE_00fb0000000000002092,-0.05305191100969766,1.0534188034188035,26.69687146047245,2572.2069914525873,2.956350318214544,10,0.214799691370461,-1,-1,11.162781437005673,123.0786272887151,Ajuy
ZONE_00fb0000000000002647,0.20438845997561966,0.18468468468468469,26.847468417042784,2726.9531193037797,3.3717343741787302,0,0.0,-1,-1,11.263459033179938,123.13409688848873,Concepcion
ZONE_00fb0000000000002695,-0.0529595015576324,1.1196808510638299,26.867623805848364,2746.1474980084286,3.4259902216244544,0,0.0,-1,-1,11.258875565913417,123.14891944046087,Concepcion
ZONE_00fb0000000000002704,-0.04029692470837752,1.053475935828877,26.697772431459043,2573.0255476259244,2.9578351784323185,46,0.4806750039438636,-1,-1,11.161759608809241,123.0911803266472,Ajuy
ZONE_00fb0000000000002a03,-0.08801817149346962,1.0756302521008403,26.858486026616735,2737.397150254247,3.4013460154345903,0,0.08695220873832954,-1,-1,11.262642704014782,123.15257223627002,Concepcion
ZONE_00fb0000000000002a15,-0.03160667251975417,0.9374068554396423,26.836932703298896,2715.805620321801,3.342301844683732,0,0.0,-1,-1,11.251861803154968,123.14302091882001,Concepcion
ZONE_00fb0000000000002a1b,0.6604982206405694,1.5082471344702264,26.80341294133857,2681.9067105472527,3.250168713248321,1,0.9525428102469539,-1,-1,11.243391982903091,123.13317068581416,Concepcion
ZONE_00fb0000000000002a3e,-0.04029692470837752,1.053475935828877,26.697772431459043,2573.0255476259244,2.9578351784323185,12,0.6354690120015282,-1,-1,11.16610396345471,123.08190620103836,Ajuy
ZONE_00fb0000000000002a45,-0.01735357917570499,1.0604026845637584,26.697772431459043,2573.0255476259244,2.9578351784323185,28,0.7576182955131814,-1,-1,11.165924849213043,123.08621961351827,Ajuy
ZONE_00fb0000000000002bd0,-0.028277634961439587,1.1437699680511182,26.865571480053823,2744.232610168471,3.4205036855871103,0,0.0,-1,-1,11.266407851948046,123.15223422214564,Concepcion
ZONE_00fb0000000000002d35,0.657672849915683,2.357456140350877,26.87229713442674,2750.9806238380097,3.439032838508774,0,0.0,-1,-1,11.299331428072705,123.17282994138141,Concepcion
ZONE_00fb0000000000002d38,0.696363286511449,5.933206106870229,26.87197152588617,2750.7564885646666,3.438238974093796,0,0.0,-1,-1,11.298034069948189,123.1723905895692,Concepcion
ZONE_00fb0000000000002ead,0.5269135802469136,1.045971329708354,26.797553105306953,2790.475604620188,3.38608138814795,33,0.324259946898073,-1,-1,11.368785496459191,123.11071822851724,San Dionisio
ZONE_00fb0000000000002eb0,0.7999532601075018,2.2860723236663087,26.839996417422228,2775.8157838494953,3.4371723275803134,23,0.559919548029445,-1,-1,11.36424848204321,123.11514296786943,San Dionisio
ZONE_00fb0000000000002eb6,0.3007284079084287,6.431372549019608,26.849578197989157,2775.244443257853,3.4546279421989725,46,0.8908020187851281,-1,-1,11.363643408240733,123.12852771173941,San Dionisio
ZONE_00fb0000000000002ed9,-0.04102096627164995,1.1944444444444444,26.87240369410989,2750.968211057092,3.4391155874967154,5,0.6428351440950434,-1,-1,11.218249851901374,123.18543727663942,Concepcion
ZONE_00fb0000000000002ee9,-0.04362801377726751,0.9788135593220338,26.697772431459043,2573.0255476259244,2.9578351784323185,42,1.3426319332039698,-1,-1,11.176884421547472,123.07999708005674,Concepcion
ZONE_00fb0000000000002fe9,0.8504011326097216,3.5456498388829214,26.862872661949336,2742.0610747463334,3.4136222102231177,0,0.0,-1,-1,11.26923772064883,123.15061934041694,Concepcion
ZONE_00fb0000000000003122,-0.06275395033860046,1.2719665271966527,26.85523394200027,2733.475996668001,3.3917990762079446,19,0.12418102878624243,-1,-1,11.216941260149712,123.17933423829122,Concepcion
ZONE_00fb0000000000003223,0.657672849915683,2.357456140350877,26.87229713442674,2750.9806238380097,3.439032838508774,0,0.0,-1,-1,11.299466838701639,123.1750600760662,Concepcion
ZONE_00fb00000000000033fa,0.8373964497041421,2.7804670912951166,26.81173931030107,2760.3394995222066,3.350264091637647,38,1.4136108745646998,-1,-1,11.341750544516794,123.10656163028484,San Dionisio
ZONE_00fb000000000000341e,-0.04748201438848921,3.1979166666666665,26.828222648055647,2706.144146502385,3.3175408043414034,1,0.9525428102469539,-1,-1,11.241833180309639,123.1295940351069,Concepcion
ZONE_00fb0000000000003447,-0.04029692470837752,1.053475935828877,26.697772431459043,2573.0255476259244,2.9578351784323185,12,0.6354690120015282,-1,-1,11.165090774787254,123.07997704457404,Ajuy
ZONE_00fb000000000000344a,-0.05664160401002506,1.4912280701754386,26.697772431459043,2573.0255476259244,2.9578351784323185,4,0.8673832711557814,-1,-1,11.146317820130891,123.12815174172574,Concepcion
ZONE_00fb00000000000034d8,-0.04102096627164995,1.1944444444444444,26.87240369410989,2750.968211057092,3.4391155874967154,0,0.14776791883732462,-1,-1,11.217501297850069,123.18371614193714,Concepcion
ZONE_00fb0000000000003559,-0.0855397148676171,1.7314814814814814,26.697772431459043,2573.0255476259244,2.9578351784323185,0,0.12168745840972497,-1,-1,11.147734137552824,123.1416711459273,Concepcion
ZONE_00fb00000000000036a3,0.6494597839135654,1.533410471507087,26.776215329808934,2665.6130845877306,3.186197170461546,15,2.2408760065289166,-1,-1,11.266931996064928,123.0964959572755,San Dionisio
ZONE_00fb00000000000036b4,-0.028277634961439587,1.1437699680511182,26.865571480053823,2744.232610168471,3.4205036855871103,0,0.0,-1,-1,11.266778152935405,123.14913786820942,Concepcion
ZONE_00fb00000000000036cc,-0.08801817149346962,1.0756302521008403,26.858486026616735,2737.397150254247,3.4013460154345903,0,0.0,-1,-1,11.261915655558013,123.15057631875497,Concepcion
ZONE_00fb0000000000003849,0.6796923458627961,2.1536842105263156,26.83289477619406,2817.1078092030652,3.5249196479745577,38,1.2244015381335642,-1,-1,11.387224765329071,123.14450670857377,Batad
ZONE_00fb00000000000038d8,0.6494597839135654,1.533410471507087,26.776215329808934,2665.6130845877306,3.186197170461546,20,3.951486892666964,-1,-1,11.264610547393573,123.09554864526176,San Dionisio
ZONE_00fb00000000000039d9,0.7999532601075018,2.2860723236663087,26.839996417422228,2775.8157838494953,3.4371723275803134,28,0.9733916890588358,-1,-1,11.366472400088346,123.11039249125051,San Dionisio
ZONE_00fb0000000000003c9b,-0.04362801377726751,0.9788135593220338,26.697772431459043,2573.0255476259244,2.9578351784323185,58,1.7425201255705562,-1,-1,11.17489888949516,123.08254430455102,Concepcion
ZONE_00fb0000000000003f59,-0.03160667251975417,0.9374068554396423,26.836932703298896,2715.805620321801,3.342301844683732,0,0.0,-1,-1,11.253735957962284,123.13593548849937,Concepcion
ZONE_00fb0000000000003f7b,0.3007284079084287,6.431372549019608,26.849578197989157,2775.244443257853,3.4546279421989725,46,0.8908020187851281,-1,-1,11.36466997635691,123.12499790048169,San Dionisio
ZONE_00fb0000000000003ff4,-0.07186858316221766,0.9833333333333333,26.868946622687556,2748.9648355400886,3.4311433270408958,36,5.715970166476415,-1,-1,11.296701712728671,123.1567940336657,Concepcion
ZONE_00fb00000000000040d2,0.657672849915683,2.357456140350877,26.87229713442674,2750.9806238380097,3.439032838508774,0,0.5538454104761596,-1,-1,11.304331651057748,123.1570888034757,Concepcion
ZONE_00fb0000000000004127,-0.028277634961439587,1.1437699680511182,26.865571480053823,2744.232610168471,3.4205036855871103,0,0.08695220873832954,-1,-1,11.263220415466341,123.15614010259141,Concepcion
ZONE_00fb0000000000004259,-0.0368809272918862,1.1534090909090908,26.864261180072887,2742.708664354133,3.4167109187919,0,0.0,-1,-1,11.250224183498476,123.15174790793192,Concepcion
ZONE_00fb00000000000042f3,0.20438845997561966,0.18468468468468469,26.847468417042784,2726.9531193037797,3.3717343741787302,0,0.6502530508758253,-1,-1,11.261487684693183,123.1419665796766,Concepcion
ZONE_00fb0000000000004357,-0.030837004405286344,1.0952380952380953,26.697772431459043,2573.0255476259244,2.9578351784323185,12,0.6354690120015282,-1,-1,11.170070501123245,123.0903239125774,Concepcion
ZONE_00fb0000000000004435,-0.08709338929695698,1.0820189274447949,26.85135548755756,2729.9630336026253,3.3815324358345733,0,0.0,-1,-1,11.255723950580865,123.14357606455927,Concepcion
ZONE_00fb000000000000465e,0.4011142061281337,0.7765432098765432,26.81479099673545,2748.343711604531,3.3366285570121765,43,0.5599700863383593,-1,-1,11.327673300123333,123.09809849650813,San Dionisio
ZONE_00fb00000000000046be,0.7999532601075018,2.2860723236663087,26.839996417422228,2775.8157838494953,3.4371723275803134,23,0.559919548029445,-1,-1,11.363392736508349,123.1209956459319,San Dionisio
ZONE_00fc00000000000071a9,0.6071283920615634,11.567567567567568,26.597751640022572,1839.5339424364552,2.8678681414089957,1,0.02898408935833211,-1,-1,10.908601703385795,122.78240803566746,Barotac Nuevo
ZONE_00fc0000000000007352,0.38238453276047263,-4.3023255813953485,26.60281206126264,1832.527762766723,2.8768957753939657,1,0.04137000682103352,-1,-1,10.877474324261586,122.77095355829697,Barotac Nuevo
ZONE_00fc0000000000007595,0.42369121561668144,2.5794392523364484,26.619308137252712,1813.2492607568506,2.901994928700101,7,0.2086277876061682,-1,-1,10.838127514108194,122.75828748920406,Dumangas
ZONE_00fc0000000000007f1a,0.2231404958677686,-3.046783625730994,26.530224052055935,1934.203503312246,2.7380779245578584,82,1.4226882355042667,-1,-1,10.977905018241126,122.77683817019968,Anilao
ZONE_00fc0000000000007f38,0.4996265870052278,1.0203574975173784,26.54837806572783,1903.0046884279398,2.778401141261832,57,0.5608516262145677,-1,-1,10.967395682043993,122.76776272884456,Anilao
ZONE_00fc0000000000008163,0.3771712158808933,-2.5869565217391304,26.60083047788403,1834.8251415513985,2.873887852404757,0,0.029520375300673404,-1,-1,10.89077245369715,122.77234631586853,Barotac Nuevo
ZONE_00fc00000000000081d7,0.3771712158808933,-2.5869565217391304,26.60083047788403,1834.8251415513985,2.873887852404757,4,0.0650519745467779,-1,-1,10.887357261666615,122.78276674249649,Barotac Nuevo
ZONE_00fc0000000000008219,0.38238453276047263,-4.3023255813953485,26.60281206126264,1832.527762766723,2.8768957753939657,1,0.04137000682103352,-1,-1,10.877743619073513,122.76973943637014,Dumangas
ZONE_00fc000000000000823c,-0.13226205191594562,1.026865671641791,26.605916820712462,1828.9462040983672,2.8816287121168283,6,0.22884475329921905,-1,-1,10.87370216637035,122.77459081851117,Dumangas
ZONE_00fc0000000000008259,0.22064244339125855,-1.6449704142011834,26.605914913432727,1828.9412463069243,2.881619367468776,6,0.22884475329921905,-1,-1,10.870199378459127,122.76973939876254,Dumangas
ZONE_00fc00000000000082e9,-0.16355140186915887,0.956949569495695,26.610010706403635,1824.2143763922688,2.8878591601777672,5,0.18692894376173455,-1,-1,10.86049705757875,122.77405059361642,Dumangas
ZONE_00fc000000000000844a,-0.16829533116178066,1.0544554455445545,26.643286971493172,1772.8718679500078,2.944872043944112,10,0.09182411489733791,-1,-1,10.807405211661756,122.70398353920106,Dumangas
ZONE_00fc0000000000008460,-0.17115177610333693,1.0119904076738608,26.634173363823617,1792.530863382113,2.9266092190976467,9,0.0918238327673343,-1,-1,10.80228577373578,122.70694935030478,Dumangas
ZONE_00fc0000000000008470,0.7633543940264216,2.682530470110273,26.693435760829217,1670.0119599244017,3.0447307088078617,10,0.06504797590494721,-1,-1,10.797525982477634,122.6704777853109,Dumangas
ZONE_00fc0000000000008497,-0.2019900497512438,0.8777555110220441,26.644155020906467,1771.8719509085167,2.9465372124118225,10,0.12154885767619704,-1,-1,10.7932132594852,122.71009159229503,Dumangas
ZONE_00fc00000000000084ca,0.09463276836158192,0.5447870778267254,26.644434496931602,1771.6840156717979,2.9470487150092737,9,0.0579681638825093,-1,-1,10.79195531335331,122.69463931706588,Dumangas
ZONE_00fc0000000000008c53,0.3115356355620867,0.9355168884339816,26.528650478605627,1926.15183884036,2.744745910882932,45,1.4085520724354192,-1,-1,10.973819329150372,122.7747245678145,Anilao
ZONE_00fc000000000000902f,-0.17115177610333693,1.0119904076738608,26.634173363823617,1792.530863382113,2.9266092190976467,9,0.0918238327673343,-1,-1,10.801613347786617,122.70479314127518,Dumangas
ZONE_00fc0000000000009043,0.48524660779668316,4.056644880174292,26.664237164323147,1730.3081865271158,2.9866304370558185,10,0.08695220873836428,-1,-1,10.798916445937081,122.68053691627247,Dumangas
ZONE_00fc0000000000009086,0.09463276836158192,0.5447870778267254,26.644434496931602,1771.6840156717979,2.9470487150092737,8,0.04136372452580089,-1,-1,10.789081777235959,122.69953596257317,Dumangas
ZONE_00fc00000000000090bf,0.7990964655859687,2.6530612244897958,26.664838769065767,1730.0373852433574,2.9877705081757884,8,0.06575248886609553,-1,-1,10.78355485871601,122.66746701982471,Dumangas
ZONE_00fc0000000000009166,0.7810264385692068,2.5215869311551926,26.860723907849298,1546.058300546937,3.2682754562461587,11,0.09313083730026185,-1,-1,10.703785987026755,122.58675311775504,Iloilo City
ZONE_00fc0000000000009833,-0.030162412993039442,1.0545454545454545,26.500839566192937,2033.3245694821753,2.635726919718325,28,1.3442088729482886,-1,-1,11.030711235055772,122.87074665339031,Barotac Viejo
ZONE_00fc0000000000009992,0.511070110701107,12.76056338028169,26.60281539215854,1832.5309220575327,2.876908675707028,1,0.04137000682103352,-1,-1,10.878120414064856,122.77502209062207,Barotac Nuevo
ZONE_00fc0000000000009997,0.38238453276047263,-4.3023255813953485,26.60281206126264,1832.527762766723,2.8768957753939657,1,0.04137000682103352,-1,-1,10.877367018023829,122.7736221658935,Dumangas
ZONE_00fc0000000000009998,0.38238453276047263,-4.3023255813953485,26.60281206126264,1832.527762766723,2.8768957753939657,1,0.04137000682103352,-1,-1,10.877635715120586,122.77292179213791,Barotac Nuevo
ZONE_00fc00000000000099b9,-0.13226205191594562,1.026865671641791,26.605916820712462,1828.9462040983672,2.8816287121168283,6,0.22884475329921905,-1,-1,10.873268908323551,122.77561684494263,Dumangas
ZONE_00fc0000000000009a69,-0.18159806295399517,0.9717948717948718,26.61460082066346,1818.9089938127036,2.894844814064273,7,0.04136811631957089,-1,-1,10.853599724705532,122.76833793574643,Dumangas
ZONE_00fc0000000000009a6b,-0.18159806295399517,0.9717948717948718,26.61460082066346,1818.9089938127036,2.894844814064273,6,0.02898408935833211,-1,-1,10.853706414979438,122.7670979765128,Dumangas
ZONE_00fc0000000000009b3f,0.09463276836158192,0.5447870778267254,26.644434496931602,1771.6840156717979,2.9470487150092737,9,0.0579681638825093,-1,-1,10.791181718664483,122.69417375696803,Dumangas
ZONE_00fc0000000000009b62,0.09463276836158192,0.5447870778267254,26.644434496931602,1771.6840156717979,2.9470487150092737,10,0.12154885767619704,-1,-1,10.7892431166016,122.70231191732978,Dumangas
ZONE_00fc0000000000009b9a,-0.40389294403892945,1.0825242718446602,26.710241179956416,1636.3444077838008,3.0779229823400347,8,0.06575248886609553,-1,-1,10.78482351360648,122.66797766306593,Dumangas
ZONE_00fc0000000000009bd4,0.17950079660116836,0.9679878048780488,26.81814451535734,1547.727414080282,3.199023180216217,16,0.26713975224735315,-1,-1,10.753129925080462,122.59182099193764,Iloilo City
ZONE_00fc000000000000a114,-0.02445302445302445,1.007936507936508,26.46853001155871,2318.2179294096836,2.579901863204107,155,8.2424246771615,-1,-1,11.056060989611916,122.95070643799004,Ajuy
ZONE_00fc000000000000a23a,0.38238453276047263,-4.3023255813953485,26.60281206126264,1832.527762766723,2.8768957753939657,3,0.09182638103688888,-1,-1,10.876576935646877,122.77086376696558,Dumangas
ZONE_00fc000000000000a38b,-0.2052903967797585,0.946058091286307,26.627015290476198,1803.873522335605,2.9139672626666338,8,0.08854253279370304,-1,-1,10.822767961195485,122.74238810890749,Dumangas
ZONE_00fc000000000000a3bc,-0.17115177610333693,1.0119904076738608,26.634173363823617,1792.530863382113,2.9266092190976467,10,0.06504797590494721,-1,-1,10.798244192821668,122.72199427138426,Dumangas
ZONE_00fc000000000000a3d1,-0.1897946484131923,1.0010905125408942,26.631924748766497,1797.1847942140764,2.92211994587852,9,0.0918238327673343,-1,-1,10.796897224063637,122.73187508733885,Dumangas
ZONE_00fc000000000000a3e2,-0.20081967213114754,0.9770114942528736,26.638067306971323,1784.4716173072486,2.9343833263795505,9,0.0918238327673343,-1,-1,10.795503779806488,122.71822308861564,Dumangas
ZONE_00fc000000000000a418,-0.1277056277056277,0.9076212471131639,26.638307399605562,1784.340108922684,2.934796578189243,12,0.04136372452580089,-1,-1,10.788677960270148,122.71354994907003,Dumangas
ZONE_00fc000000000000a42f,-0.40389294403892945,1.0825242718446602,26.710241179956416,1636.3444077838008,3.0779229823400347,5,0.029509809355131256,-1,-1,10.785353478283984,122.66176179021735,Zarraga
ZONE_00fc000000000000a43f,0.6188420019627086,22.093220338983052,26.779902042489805,1541.3208452855615,3.173241647457754,8,0.057968163882486136,-1,-1,10.780863135752714,122.61491564369051,Leganes
ZONE_00fc000000000000a90c,-0.03234152652005175,1.0234375,26.465389852385396,2345.1971651157037,2.57455079746278,312,1.9179262318723098,-1,-1,11.068662006343772,122.95345960047142,Ajuy
ZONE_00fc000000000000a91d,-0.02445302445302445,1.007936507936508,26.46853001155871,2318.2179294096836,2.579901863204107,302,4.432320471849659,-1,-1,11.060655543132219,122.94183074400553,Ajuy
ZONE_00fc000000000000a92c,-0.040268456375838924,0.923828125,26.5000598856608,2028.9017005070225,2.635588513729666,17,0.29975104565036836,-1,-1,11.02673461920148,122.85347780191533,Barotac Viejo
ZONE_00fc000000000000a935,-0.026396562308164517,0.9477434679334917,26.50365313005191,2024.4379062303701,2.6390526796174503,20,0.3850252958287549,-1,-1,11.020077164161819,122.8564411237611,Barotac Viejo
ZONE_00fc000000000000aae2,-0.13872135102533173,1.0071513706793802,26.626438669277384,1805.169270298519,2.912879811608609,8,0.08854253279370304,-1,-1,10.825733702239678,122.75599555445118,Dumangas
ZONE_00fc000000000000ab11,-0.20081967213114754,0.9770114942528736,26.638067306971323,1784.4716173072486,2.9343833263795505,10,0.12154885767619704,-1,-1,10.79458537964596,122.71738183319525,Dumangas
ZONE_00fc000000000000b041,0.2231404958677686,-3.046783625730994,26.530224052055935,1934.203503312246,2.7380779245578584,82,1.4226882355042667,-1,-1,10.976883194276013,122.77617461371322,Anilao
ZONE_00fc000000000000b05a,0.5232498722534492,1.0828988529718457,26.565444878689483,1877.110476216508,2.8129838341184206,84,2.9983106091739566,-1,-1,10.960851441888645,122.75229067478783,Anilao
ZONE_00fc000000000000b0fe,0.38238453276047263,-4.3023255813953485,26.60281206126264,1832.527762766723,2.8768957753939657,2,0.22809483805618924,-1,-1,10.879901994421779,122.76728045798255,Barotac Nuevo
ZONE_00fc000000000000b11a,0.38238453276047263,-4.3023255813953485,26.60281206126264,1832.527762766723,2.8768957753939657,6,0.22884475329921905,-1,-1,10.873971965593837,122.77593949181104,Dumangas
ZONE_00fc000000000000b18a,-0.13872135102533173,1.0071513706793802,26.626438669277384,1805.169270298519,2.912879811608609,8,0.08854253279370304,-1,-1,10.82714697393805,122.75060468474783,Dumangas
ZONE_00fc000000000000b1bb,-0.20081967213114754,0.9770114942528736,26.638067306971323,1784.4716173072486,2.9343833263795505,9,0.0918238327673343,-1,-1,10.8009730346552,122.70313971821913,Dumangas
ZONE_00fc000000000000b1c9,-0.2019900497512438,0.8777555110220441,26.644155020906467,1771.8719509085167,2.9465372124118225,8,0.04136372452580089,-1,-1,10.794537702884988,122.71115874193453,Dumangas
ZONE_00fc000000000000b1d7,-0.20689655172413793,0.9954853273137697,26.634388265279895,1792.4354478489263,2.9269596258088635,10,0.12154885767619704,-1,-1,10.7919778921575,122.70863196513423,Dumangas
ZONE_00fc000000000000b1f9,-0.1277056277056277,0.9076212471131639,26.638307399605562,1784.340108922684,2.934796578189243,9,0.16545446694012927,-1,-1,10.787699920850343,122.71715327999027,Dumangas
ZONE_00fc000000000000b569,-0.010126582278481013,1.1428571428571428,26.482563977416085,2190.9107604187498,2.604522042265151,68,2.833333898021435,-1,-1,11.05115134013657,122.91562711365005,Barotac Viejo
ZONE_00fc000000000000b56e,-0.026396562308164517,0.9477434679334917,26.50365313005191,2024.4379062303701,2.6390526796174503,20,0.16985860771505584,-1,-1,11.02165460021756,122.85301534278622,Barotac Viejo
ZONE_00fc000000000000b639,0.7633543940264216,2.682530470110273,26.693435760829217,1670.0119599244017,3.0447307088078617,10,0.08695220873836428,-1,-1,10.795609496435564,122.67032914743253,Dumangas
ZONE_00fc000000000000b645,-0.20689655172413793,0.9954853273137697,26.634388265279895,1792.4354478489263,2.9269596258088635,12,0.04136372452580089,-1,-1,10.791295437981331,122.71524208051406,Dumangas
ZONE_00fc000000000000b64e,-0.1277056277056277,0.9076212471131639,26.638307399605562,1784.340108922684,2.934796578189243,10,0.12154885767619704,-1,-1,10.790397624184802,122.70563123842838,Dumangas
ZONE_00fc000000000000b985,0.34312878133102853,2.393548387096774,26.547741736603456,1911.7196928775236,2.76978944633636,57,1.171706498800822,-1,-1,10.968914828697852,122.77459081280342,Anilao
ZONE_00fc000000000000ba07,-0.16838905775075988,0.9932523616734144,26.610010706403642,1824.2143763922688,2.887859160177767,5,0.18692894376173455,-1,-1,10.863191903966506,122.7779605063424,Dumangas
ZONE_00fc000000000000baa2,-0.18262806236080179,0.9106145251396648,26.754161382487876,1558.6514304046286,3.151683613681017,8,0.10582160151849992,-1,-1,10.787301144515029,122.63405019299768,Leganes
ZONE_00fc000000000000bab6,-0.21602101116217992,1.043035107587769,26.6322966736579,1797.3340155418061,2.92268858665749,11,0.2347263277607464,-1,-1,10.782451297010953,122.71931881739464,Dumangas
ZONE_00fc000000000000bd24,0.5232498722534492,1.0828988529718457,26.565444878689483,1877.110476216508,2.8129838341184206,84,2.9983106091739566,-1,-1,10.961558615911013,122.7506810899287,Anilao
ZONE_00fc000000000000be36,0.8766499772416932,2.498223169864961,26.833188084415095,1498.4695798148148,3.278683908134002,11,0.09313083730026185,-1,-1,10.701371384781694,122.58641130992429,Iloilo City
ZONE_00fc000000000000c0b0,-0.17132442284325639,0.9871134020618557,26.599001905577982,1837.5224960897147,2.8704331812143487,3,0.029521260756788844,-1,-1,10.90053856471295,122.78710183745349,Barotac Nuevo
ZONE_00fc000000000000c0f5,-0.16838905775075988,0.9932523616734144,26.610010706403642,1824.2143763922688,2.887859160177767,5,0.18692894376173455,-1,-1,10.862516733071542,122.7797096744766,Dumangas
ZONE_00fc000000000000c34f,0.5232498722534492,1.0828988529718457,26.565444878689483,1877.110476216508,2.8129838341184206,84,2.9983106091739566,-1,-1,10.96209735863896,122.75379800670648,Anilao
ZONE_00fc000000000000c35c,0.5954151177199505,1.5486649440137812,26.57168857633458,1883.484482277173,2.810773370945677,42,2.950049565275786,-1,-1,10.954551051792016,122.76785390870802,Anilao
ZONE_00fc000000000000c3c7,-0.16355140186915887,0.956949569495695,26.610010706403635,1824.2143763922688,2.8878591601777672,5,0.18692894376173455,-1,-1,10.86035139717359,122.77502641603813,Dumangas
ZONE_00fc000000000000c417,-0.20689655172413793,0.9954853273137697,26.634388265279895,1792.4354478489263,2.9269596258088635,12,0.04136372452580089,-1,-1,10.790408052334149,122.71405879949592,Dumangas
ZONE_00fc000000000000c5cc,-0.04990524320909665,0.9793977812995246,26.499068702877825,2028.043718545872,2.6348994492004816,20,0.24827953181556617,-1,-1,11.026677214809238,122.84396646522309,Barotac Viejo
ZONE_00fc000000000000c647,-0.17453580901856763,0.9411167512690355,26.651762575863295,1755.1575861341769,2.9616844479554407,11,0.06504837416890973,-1,-1,10.810236734027484,122.68263592992449,Dumangas
ZONE_00fc000000000000c80a,-0.02445302445302445,1.007936507936508,26.46853001155871,2318.2179294096836,2.579901863204107,152,5.210685420895989,-1,-1,11.054642711006316,122.95186457737528,Ajuy
ZONE_00fc000000000000c80d,-0.040268456375838924,0.923828125,26.5000598856608,2028.9017005070225,2.635588513729666,26,0.7875208498819818,-1,-1,11.03159158433177,122.85130639285845,Barotac Viejo
ZONE_00fc000000000000c818,0.4670690107583311,0.9088090932575562,26.565172754347593,1873.2967396947677,2.8161259841763244,84,2.9983106091739566,-1,-1,10.96076866167178,122.74879152489186,Anilao
ZONE_00fc000000000000c843,0.511070110701107,12.76056338028169,26.60281539215854,1832.5309220575327,2.876908675707028,3,0.09182638103688888,-1,-1,10.877222143074665,122.77955023918544,Barotac Nuevo
ZONE_00fc000000000000c8a2,0.09463276836158192,0.5447870778267254,26.644434496931602,1771.6840156717979,2.9470487150092737,10,0.12154885767619704,-1,-1,10.789835310844802,122.70378574523735,Dumangas
ZONE_00fc000000000000cafe,-0.1897946484131923,1.0010905125408942,26.631924748766497,1797.1847942140764,2.92211994587852,6,0.17942529553125733,-1,-1,10.79591949522805,122.73635806480706,Dumangas
ZONE_00fc000000000000cc83,-0.20579110651499483,1.0313152400835073,26.6724779952175,1708.5854529934647,3.0019095988438003,12,0.06504837416890973,-1,-1,10.811368887999155,122.68178814984213,Dumangas
ZONE_00fc000000000000ccb8,0.6552016985138004,4.286713286713287,26.844007112252864,1536.0271727506374,3.2489470016043405,10,0.08850841657137273,-1,-1,10.712782700601919,122.5920004175461,Iloilo City
ZONE_00fc000000000000cd95,-0.026396562308164517,0.9477434679334917,26.50365313005191,2024.4379062303701,2.6390526796174503,14,0.27549013404350736,-1,-1,11.01924491559223,122.8501398067048,Barotac Viejo
ZONE_00fc000000000000cf16,0.5558306511512751,1.2021739130434783,26.547775073179412,1896.7542178066105,2.7838717816847294,36,1.0664166333468434,-1,-1,10.964521490671382,122.76860542579944,Anilao
ZONE_00fc000000000000cf5d,-0.1562867215041128,0.9490022172949002,26.626595929604335,1804.8158844904515,2.9131763891698887,8,0.08273241847933036,-1,-1,10.826810469300739,122.74659159326744,Dumangas
ZONE_00fc000000000000cf76,-0.1669421487603306,0.9026785714285714,26.766485775628638,1547.3847088828013,3.161824722907485,9,0.029509809355131256,-1,-1,10.7861872100283,122.63259606683047,Leganes
ZONE_00fc000000000000d07e,-0.025380710659898477,1.0047281323877069,26.507271082511735,2018.1138872620074,2.6450274690428985,11,0.5053353709403584,-1,-1,10.992318963023301,122.84612752159485,Banate
ZONE_00fc000000000000d0bd,-0.16838905775075988,0.9932523616734144,26.610010706403642,1824.2143763922688,2.887859160177767,5,0.18692894376173455,-1,-1,10.862855811387542,122.77708479920021,Dumangas
ZONE_00fc000000000000d0c1,-0.10519480519480519,0.9955423476968797,26.614600820663462,1818.9089938127036,2.894844814064273,7,0.10583705119635446,-1,-1,10.85540172594814,122.7821633667099,Dumangas
ZONE_00fc000000000000d0f4,0.7633543940264216,2.682530470110273,26.693435760829217,1670.0119599244017,3.0447307088078617,10,0.06504797590494721,-1,-1,10.797920491944204,122.66951603513614,Dumangas
ZONE_00fc000000000000d101,-0.21602101116217992,1.043035107587769,26.6322966736579,1797.3340155418061,2.92268858665749,11,0.2347263277607464,-1,-1,10.783191132577981,122.72104295655518,Dumangas
ZONE_00fc000000000000d26a,-0.028112449799196786,1.1354166666666667,26.50651125945616,2020.9054733780854,2.64196550023247,46,0.602009332095983,-1,-1,10.99692418357555,122.85062897609099,Barotac Viejo
ZONE_00fc000000000000d2d2,-0.2019900497512438,0.8777555110220441,26.644155020906467,1771.8719509085167,2.9465372124118225,8,0.04136372452580089,-1,-1,10.79322678436033,122.70906560065019,Dumangas
ZONE_00fc000000000000d3d1,-0.028290282902829027,1.1056910569105691,26.504009032169083,2026.8523995775913,2.638959117510736,17,0.29975104565036836,-1,-1,11.02570817529364,122.85267220681767,Barotac Viejo
ZONE_00fc000000000000d3e5,-0.15096153846153845,1.0762032085561497,26.48552524711729,2025.4501355589177,2.6263520859163494,22,0.5006194569001311,-1,-1,11.019952605612493,122.80472628470395,Banate
ZONE_00fc000000000000d3ff,0.4996265870052278,1.0203574975173784,26.54837806572783,1903.0046884279398,2.778401141261832,57,1.171706498800822,-1,-1,10.96666483434423,122.76904228862679,Anilao
ZONE_00fc000000000000d400,0.5232498722534492,1.0828988529718457,26.565444878689483,1877.110476216508,2.8129838341184206,42,2.950049565275786,-1,-1,10.95610549146629,122.76781711406407,Anilao
ZONE_00fc000000000000d407,0.5271739130434783,16.433333333333334,26.595354784734628,1844.0166942423352,2.8622191629513503,4,0.21130507631309567,-1,-1,10.917360656197065,122.78161144342549,Barotac Nuevo
ZONE_00fc000000000000d41b,0.46480511925538104,-7.89873417721519,26.598640960791148,1837.728512016712,2.8701063586728166,3,0.029521260756788844,-1,-1,10.90209768370468,122.78519933920691,Barotac Nuevo
ZONE_00fc000000000000d443,-0.13707345286292655,1.0241730279898218,26.628606355080656,1802.4894358652375,2.91626092998914,6,0.08853989474765551,-1,-1,10.814475189630238,122.75180629862565,Dumangas
ZONE_00fc000000000000d459,-0.1638285378743394,0.9099890230515917,26.632125103204515,1797.1102210316856,2.9224340617582216,10,0.12154885767619704,-1,-1,10.792423518977138,122.7127788818554,Dumangas
ZONE_00fc000000000000d55f,-0.09232480533926585,0.9351851851851852,26.50807264876662,2004.9338683943688,2.657967314687616,45,3.5777237812175158,-1,-1,10.997633514103496,122.80182116929558,Banate
ZONE_00fc000000000000d590,-0.16541353383458646,0.9657924743443558,26.619190934923274,1813.6036112331383,2.9018304679507776,7,0.11806368122790283,-1,-1,10.846178940341712,122.75908981831205,Dumangas
ZONE_00fc000000000000d711,0.8766499772416932,2.498223169864961,26.833188084415095,1498.4695798148148,3.278683908134002,10,0.10579969482957632,-1,-1,10.70014616348733,122.58985203669008,Iloilo City
ZONE_00fc000000000000db81,-0.16838905775075988,0.9932523616734144,26.610010706403642,1824.2143763922688,2.887859160177767,5,0.18692894376173455,-1,-1,10.861296260315164,122.77895856650112,Dumangas
ZONE_00fc000000000000db91,-0.1562867215041128,0.9490022172949002,26.626595929604335,1804.8158844904515,2.9131763891698887,8,0.08854253279370304,-1,-1,10.824748264673229,122.74546868854047,Dumangas
ZONE_00fc000000000000db9f,-0.2052903967797585,0.946058091286307,26.627015290476198,1803.873522335605,2.9139672626666338,8,0.08273241847933036,-1,-1,10.823900945105798,122.742177567129,Dumangas
ZONE_00fc000000000000dbab,0.6484622553588071,2.5652173913043477,26.664646558230874,1729.9341104582904,2.98746604923391,7,0.12154885767619704,-1,-1,10.792650365874438,122.67080856590492,Dumangas
ZONE_00fc000000000000dbad,0.1964501815248084,-0.6197604790419161,26.678501526058234,1701.3153770711517,3.0151713315927178,7,0.12154885767619704,-1,-1,10.7920183473398,122.66792737631201,Dumangas
ZONE_00fc000000000000dd28,0.6188420019627086,22.093220338983052,26.779902042489805,1541.3208452855615,3.173241647457754,9,0.029509809355131256,-1,-1,10.77877036449934,122.61668503952198,Leganes
ZONE_00fc000000000000de73,-0.025031289111389236,1.1207729468599035,26.465972758920287,2342.302919076859,2.575322654172836,177,2.9118679887218377,-1,-1,11.052477090219814,122.95333997731386,Ajuy
ZONE_00fc000000000000dfc3,-0.03819918144611187,0.9336870026525199,26.503929917456624,2025.3755122758234,2.639085703029055,20,0.16985860771505584,-1,-1,11.02257030670421,122.8532290625417,Barotac Viejo
ZONE_00fc000000000000dff4,-0.1361963190184049,1.0328849028400597,26.61001070640365,1824.2143763922688,2.8878591601777672,7,0.06576669675764325,-1,-1,10.864601225206728,122.7792651584724,Dumangas
ZONE_00fc000000000000e007,-0.2019900497512438,0.8777555110220441,26.644155020906467,1771.8719509085167,2.9465372124118225,9,0.0918238327673343,-1,-1,10.79909082726147,122.70259126579981,Dumangas
ZONE_00fc000000000000e083,-0.026396562308164517,0.9477434679334917,26.50365313005191,2024.4379062303701,2.6390526796174503,14,0.27549013404350736,-1,-1,11.01896035504009,122.85394342697785,Barotac Viejo
ZONE_00fc000000000000e178,-0.026785714285714284,0.9959839357429718,26.500647741206354,2044.6078136739497,2.6343882431582606,28,1.3442088729482886,-1,-1,11.032542204047903,122.879530933708,Barotac Viejo
ZONE_00fc000000000000e187,-0.036755386565272496,0.9311740890688259,26.500573851561164,2030.5764154769097,2.6358097804036635,22,0.33971703680407983,-1,-1,11.029818070846597,122.86057424383728,Barotac Viejo
ZONE_00fc000000000000e24d,-0.0583232077764277,0.9329173166926678,26.502000318345722,2019.6890333493554,2.640830970669755,30,1.1397968896827786,-1,-1,11.017523300744545,122.80417372707298,Banate
ZONE_00fc000000000000e274,-0.16829533116178066,1.0544554455445545,26.643286971493172,1772.8718679500078,2.944872043944112,10,0.09182411489733791,-1,-1,10.806425173935432,122.70197988731961,Dumangas
ZONE_00fc000000000000e2e1,-0.13483764446890478,0.9802890932982917,26.62842996135236,1802.8669935218156,2.9159165642901264,6,0.08853989474765551,-1,-1,10.815889338469956,122.75632735801561,Dumangas
ZONE_00fc000000000000e341,-0.14093959731543623,1.1795841209829867,26.470701149384965,2258.574178813281,2.5878959054245447,211,6.54088572842025,-1,-1,11.066167151269102,122.9228387275776,Barotac Viejo
ZONE_00fc000000000000e349,-0.033288948069241014,1.1388888888888888,26.4681180421298,2324.46274801308,2.5789164186658082,108,5.225038612338795,-1,-1,11.050241751134802,122.95588360621944,Ajuy
ZONE_00fc000000000000e464,-0.1669421487603306,0.9026785714285714,26.766485775628638,1547.3847088828013,3.161824722907485,8,0.057968163882486136,-1,-1,10.785822504284596,122.63022414635572,Leganes
ZONE_00fc000000000000e4a1,0.5236797274275979,1.5113519091847265,26.57636608621401,1855.000666090509,2.833780365886331,145,1.0302231151669359,-1,-1,10.94833393772755,122.72507092020723,Anilao
ZONE_00fc000000000000e4d2,-0.16666666666666666,0.9340866290018832,26.7651578729071,1552.055581521221,3.1516031318284496,10,0.146613519802732,-1,-1,10.797729083325375,122.61878673228607,Leganes
ZONE_00fc000000000000e531,-0.03259452411994785,1.0208333333333333,26.466565867122494,2332.2906492719917,2.576848422213942,333,2.006918750965941,-1,-1,11.064870177584755,122.94987769933572,Ajuy
ZONE_00fc000000000000e5d3,0.40663390663390664,1.090531561461794,26.614659028338757,1818.629173202657,2.8948619280555823,10,0.1475794840413382,-1,-1,10.848052983789469,122.75584993720157,Dumangas
ZONE_00fc000000000000e5d8,-0.16829533116178066,1.0544554455445545,26.643286971493172,1772.8718679500078,2.944872043944112,12,0.02951244054360537,-1,-1,10.804756761975138,122.70524410230674,Dumangas
ZONE_00fc000000000000e848,-0.019867549668874173,1.1567164179104477,26.47126625082706,2291.470595930521,2.584903890491512,219,5.206107361807599,-1,-1,11.057248455830914,122.9438838526306,Ajuy
ZONE_00fc000000000000e86f,-0.20270270270270271,1.0,26.631136757385942,1799.7327073148206,2.920368834999413,6,0.17126368136329032,-1,-1,10.78301114667789,122.72529817881514,Dumangas
ZONE_00fc000000000000e8aa,0.2183304144775248,-1.0427927927927927,26.598305117322706,1838.4149044270928,2.8692567750205105,1,0.0650527785456129,-1,-1,10.905792176365708,122.783865811337,Barotac Nuevo
ZONE_00fc000000000000e9b4,-0.2146118721461187,0.925589836660617,26.7672045854661,1544.6223959044858,3.1681839294717085,9,0.029509809355131256,-1,-1,10.779570422315667,122.61988315476862,Leganes
ZONE_00fc000000000000ea49,-0.23104265402843602,1.0325693606755126,26.614602899509006,1818.8990002194873,2.894845425278248,6,0.02898408935833211,-1,-1,10.853618833357638,122.76059708003058,Dumangas
ZONE_00fc000000000000ecca,-0.02114029468289558,0.9291553133514986,26.476611373481905,2226.640643542229,2.595993078145473,109,2.2471509490850363,-1,-1,11.06015553528274,122.91746874257367,Barotac Viejo
ZONE_00fc000000000000ed22,0.5555555555555556,5.776119402985074,26.506542781732804,1951.1814922981584,2.707891529488014,63,1.0190051828450584,-1,-1,10.983066373466286,122.77646216291096,Anilao
ZONE_00fc000000000000ed60,-0.02132998745294856,1.0,26.466502167930187,2336.8728747668483,2.5763171591517966,219,5.206107361807599,-1,-1,11.060769204853221,122.94917647943379,Ajuy
ZONE_00fc000000000000edd3,-0.1897946484131923,1.0010905125408942,26.631924748766497,1797.1847942140764,2.92211994587852,8,0.12409100111179545,-1,-1,10.792848575210702,122.73745062012536,Dumangas
ZONE_00fc000000000000ee26,-0.2019900497512438,0.8777555110220441,26.644155020906467,1771.8719509085167,2.9465372124118225,10,0.12154885767619704,-1,-1,10.79386341514946,122.71523621406328,Dumangas
ZONE_00fc000000000000ee94,-0.17936354869816779,1.049425287356322,26.503810571433238,1991.6424287971693,2.668004513002779,33,0.7384303297522418,-1,-1,10.994046863173423,122.79816767054713,Banate
ZONE_00fc000000000000ef0c,0.10763569457221711,0.6158536585365854,26.772969695205774,1562.3058480441696,3.125540559927526,12,0.2112991570514565,-1,-1,10.806298172569235,122.61930683226471,Leganes
ZONE_00fc000000000000efca,0.49419636760890345,0.9821722435545803,26.546306239142133,1892.6521929829576,2.7865816799749084,84,2.9983106091739566,-1,-1,10.964125637721173,122.75756766587234,Anilao
ZONE_00fc000000000000f0c0,0.4996265870052278,1.0203574975173784,26.54837806572783,1903.0046884279398,2.778401141261832,36,1.0664166333468434,-1,-1,10.964619800601843,122.77424604928218,Anilao
ZONE_00fc000000000000f152,0.5121731289449954,1.1724137931034482,26.653183550320588,1753.6120266603978,2.964543883351389,8,0.05901960305415799,-1,-1,10.78551699125815,122.70508847389071,Dumangas
ZONE_00fc000000000000f159,-0.026396562308164517,0.9477434679334917,26.50365313005191,2024.4379062303701,2.6390526796174503,17,0.29975104565036836,-1,-1,11.02285302158554,122.84745204587315,Barotac Viejo
ZONE_00fc000000000000f2d4,-0.20145631067961164,0.9688715953307393,26.824659202628027,1528.7594163447966,3.231803696838582,9,0.14659099223964678,-1,-1,10.727184119254192,122.59739217210678,Iloilo City
ZONE_00fc000000000000f417,0.5766441610402601,1.2121290994273817,26.578623672595086,1862.0042168589275,2.835127569190002,30,0.8023203244342159,-1,-1,10.949161751445807,122.7599710737617,Barotac Nuevo
ZONE_00fc000000000000f5bf,-0.026785714285714284,0.9959839357429718,26.500647741206354,2044.6078136739497,2.6343882431582606,67,1.4259663446974944,-1,-1,11.031259247646458,122.88764426849035,Barotac Viejo
ZONE_00fc000000000000f65e,-0.005322294500295683,0.8477508650519031,26.78122002958399,1538.258958386534,3.180694222945238,10,0.12154205250110243,-1,-1,10.77296244306238,122.60765720831837,Leganes
ZONE_00fc000000000000f691,-0.109717868338558,1.0054054054054054,26.506759941947166,1998.4169969423606,2.663351346911471,33,0.7384303297522418,-1,-1,10.995822134190137,122.80388044969936,Banate
ZONE_00fc000000000000f6d4,-0.1659919028340081,0.9098360655737705,26.5156816626363,1985.2921150960979,2.6810710133137268,106,3.45300141371164,-1,-1,10.990685555969502,122.78620359100445,Anilao
ZONE_00fc000000000000f75b,0.09463276836158192,0.5447870778267254,26.644434496931602,1771.6840156717979,2.9470487150092737,9,0.0579681638825093,-1,-1,10.791862640355745,122.69070345641431,Dumangas
ZONE_00fc000000000000f7e2,-0.10209601081812035,0.9054373522458629,26.630261139252685,1800.6279462930095,2.918798613659491,9,0.145875089384919,-1,-1,10.799286959081298,122.74181673869447,Dumangas
ZONE_00fc000000000000f85b,-0.12159911160466408,1.0158940397350993,26.6290767383561,1801.4826154476957,2.9171792385198434,10,0.12155567472024001,-1,-1,10.81158260579145,122.74858578231188,Dumangas
ZONE_00fc000000000000f861,-0.046135410425404436,1.1246105919003115,26.469664480302413,2287.4918342529286,2.5840329280803647,304,4.033542589841155,-1,-1,11.065554633205844,122.93257035206997,Ajuy
ZONE_00fc000000000000f90b,-0.1467750126968004,0.9404517453798767,26.691347988700134,1672.6223427255868,3.0399121403658063,10,0.06504797590494721,-1,-1,10.802319658176122,122.67925611486383,Dumangas
ZONE_00fc000000000000f988,0.8253285543608124,2.5576374745417514,26.710463370339024,1636.1729148727838,3.078513528109666,9,0.0827261555647111,-1,-1,10.782940428827827,122.64378064058457,Leganes
ZONE_00fc000000000000f998,-0.13872135102533173,1.0071513706793802,26.626438669277384,1805.169270298519,2.912879811608609,5,0.029514198482006204,-1,-1,10.823767926227845,122.76124299271093,Dumangas
ZONE_00fc000000000000f9a1,0.42286348501664817,-35.75,26.59950524117362,1836.516485757799,2.871684989349262,1,0.12411363721626098,-1,-1,10.895615551620446,122.7856095376393,Barotac Nuevo
ZONE_00fc000000000000f9d2,0.6082912569758172,1.5710659898477157,26.56296118892122,1891.231548413171,2.798243408812046,48,0.8264039437319478,-1,-1,10.961697825733049,122.7680612622405,Anilao
ZONE_00fc000000000000fa18,-0.18252212389380532,1.0434285714285714,26.637351374741854,1785.2774533226084,2.9330980575387025,12,0.02951244054360537,-1,-1,10.806041512768811,122.71143518368062,Dumangas
ZONE_00fc000000000000fb71,0.4358353510895884,-6.63855421686747,26.599593005724614,1836.3394669030536,2.871904780716398,1,0.12411363721626098,-1,-1,10.894612569378774,122.77696757547871,Barotac Nuevo
ZONE_00fc000000000000fbd0,-0.0223463687150838,0.9061728395061729,26.726334537334758,1604.695012662264,3.1089314653534146,5,0.029509809355131256,-1,-1,10.780057885232484,122.64859747475812,Zarraga
ZONE_00fc000000000000fc82,-0.07585335018963338,1.0017452006980803,26.504958660545462,2015.678622265118,2.6460456264522425,59,1.4541861575421564,-1,-1,11.00810115602442,122.80302375206219,Banate
ZONE_00fc000000000000fcea,0.16331658291457288,0.659846547314578,26.820176663562325,1542.7988722194668,3.2085916199318287,16,0.2718080784828779,-1,-1,10.745916792950306,122.59265767308607,Iloilo City
ZONE_00fc000000000000fd2c,0.15066964285714285,-2.242424242424242,26.619542541911585,1812.5405598042748,2.902323850198749,10,0.158551828893689,-1,-1,10.838805748917027,122.74844300408009,Dumangas
ZONE_00fc000000000000fd35,0.22192410885396704,-0.30578512396694213,26.605916820712462,1828.9462040983672,2.8816287121168283,1,0.0,-1,-1,10.868426840605416,122.7805264379678,Dumangas
ZONE_00fc000000000000fd55,0.5119502868068834,1.0963488843813387,26.588109198846784,1849.0364376937507,2.8527346140528347,140,1.9317820778862391,-1,-1,10.938021082743234,122.75290188750729,Barotac Nuevo
ZONE_00fc000000000000fd8b,0.42369121561668144,2.5794392523364484,26.619308137252712,1813.2492607568506,2.901994928700101,7,0.2086277876061682,-1,-1,10.837913713904404,122.76290778184382,Dumangas
ZONE_00fc000000000000fe0b,-0.2812846068660022,0.9836808703535811,26.82229642489301,1536.5609452044655,3.2192769524826232,14,0.20679904641321753,-1,-1,10.737085329603842,122.59397152411807,Iloilo City
ZONE_00fc000000000000fe2f,0.4953968648917641,1.0547210300429184,26.58655992724006,1854.8471844955575,2.846716323431702,123,3.1728594007713506,-1,-1,10.944288415447934,122.7555781500737,Barotac Nuevo
ZONE_00fc000000000000fe38,0.33705017739483023,2.1465201465201464,26.59363841843032,1846.7810331631258,2.8585808655340825,30,1.552787283496591,-1,-1,10.927362204639136,122.77111209322909,Barotac Nuevo
ZONE_00fc000000000000fe44,0.34755720470006185,-2.3933333333333335,26.600826235873775,1834.8231333009942,2.8738726764660876,2,0.22809483805618924,-1,-1,10.883982318054636,122.77829940853037,Barotac Nuevo
ZONE_00fc000000000000fe4b,-0.18159806295399517,0.9717948717948718,26.61460082066346,1818.9089938127036,2.894844814064273,7,0.04136811631957089,-1,-1,10.854217833203304,122.77092717415127,Dumangas
ZONE_00fd00000000000012d4,-0.061,0.8920308483290489,26.685138999066734,2562.203754267298,2.9371349569748966,12,0.5621623627975787,-1,-1,11.173828781203316,123.04552313564909,Ajuy
ZONE_00fd00000000000012e9,0.6642560758743331,1.4833468724614134,26.63840692559399,2525.394538102144,2.861155002254757,17,0.4763149771139752,-1,-1,11.172840963293876,123.02630140575525,Ajuy
ZONE_00fd00000000000015a5,-0.061,0.8920308483290489,26.685138999066734,2562.203754267298,2.9371349569748966,13,0.15056126319641996,-1,-1,11.17486268230846,123.04489406742806,Ajuy
ZONE_00fd00000000000015bf,-0.18510158013544017,1.032183908045977,26.67404887818544,2553.0680359244097,2.9190303774892747,12,0.5621623627975787,-1,-1,11.172571388317081,123.04179443587324,Ajuy
ZONE_00fd00000000000015d4,-0.058704453441295545,0.9452054794520548,26.691889676712492,2567.902510906608,2.9481807173129,13,0.13164258781103355,-1,-1,11.171560229346527,123.05836846312182,Ajuy
ZONE_00fd00000000000015e2,-0.061,0.8920308483290489,26.685138999066734,2562.203754267298,2.9371349569748966,13,0.13164258781103355,-1,-1,11.170819241541718,123.05823406438529,Ajuy
ZONE_00fd00000000000015ef,-0.05305191100969766,1.0534188034188035,26.69687146047245,2572.2069914525873,2.956350318214544,12,0.6354690120015282,-1,-1,11.164488615594319,123.07709939215196,Ajuy
ZONE_00fd0000000000001604,0.6600049346163336,2.2868815251929187,26.62761855986584,2510.383339491198,2.8424179861238135,25,1.4413449197013595,-1,-1,11.156402058707329,123.02427703100605,Ajuy
ZONE_00fd000000000000162b,0.8177629305379565,2.1317248125203783,26.60252705125957,2488.7660061753686,2.801282096983884,102,2.646999037285665,-1,-1,11.153706583848171,123.02562493916415,Ajuy
ZONE_00fd0000000000001907,0.8177629305379565,2.1317248125203783,26.60252705125957,2488.7660061753686,2.801282096983884,102,2.646999037285665,-1,-1,11.153167498586996,123.02414324384127,Ajuy
ZONE_00fd0000000000001bbe,-0.07150368033648791,0.9550724637681159,26.693984109989724,2569.8977288700785,2.9516494521036405,48,1.5000080989142732,-1,-1,11.181195541518044,123.05850414864851,Ajuy
ZONE_00fd0000000000001bd3,-0.061,0.8920308483290489,26.685138999066734,2562.203754267298,2.9371349569748966,32,0.9162181972593393,-1,-1,11.173064881444398,123.05023987777682,Ajuy
ZONE_00fd0000000000001be1,-0.061,0.8920308483290489,26.685138999066734,2562.203754267298,2.9371349569748966,15,0.18652476536405585,-1,-1,11.171494021595267,123.05140658922502,Ajuy
ZONE_00fd0000000000001dd4,-0.01735357917570499,1.0604026845637584,26.697772431459043,2573.0255476259244,2.9578351784323185,10,0.7847495844297214,-1,-1,11.169105307000391,123.07631097653032,Ajuy
ZONE_00fd0000000000001ded,-0.05305191100969766,1.0534188034188035,26.69687146047245,2572.2069914525873,2.956350318214544,11,0.11964236188410794,-1,-1,11.168797562757133,123.06402688493438,Ajuy
ZONE_00fd0000000000002303,0.5302628406076682,1.1886061946902655,26.55425375235762,2442.1782648831013,2.721222925857255,49,0.34905743193843997,-1,-1,11.139155457925662,123.01632599087856,Ajuy
ZONE_00fd00000000000024cd,0.8577163247100803,2.4522160664819945,26.576586044813382,2467.0023919416735,2.758861091359957,102,2.646999037285665,-1,-1,11.152628414462768,123.01834786143974,Ajuy
ZONE_00fd0000000000002723,0.8898865784499055,3.045414847161572,26.53118618438707,2421.6329622641806,2.6832817617838423,49,0.34905743193843997,-1,-1,11.13792968539637,123.01627760279689,Ajuy
ZONE_00fd0000000000002840,-0.03470715835140998,0.9841269841269841,26.697264147665138,2572.570572301557,2.9569987446841064,46,1.529060771196796,-1,-1,11.172503047380577,123.07581888981665,Concepcion
ZONE_00fd0000000000002848,-0.05305191100969766,1.0534188034188035,26.69687146047245,2572.2069914525873,2.956350318214544,10,0.7847495844297214,-1,-1,11.167540339354508,123.07260840636722,Ajuy
ZONE_00fd0000000000002b17,0.8898865784499055,3.045414847161572,26.53118618438707,2421.6329622641806,2.6832817617838423,83,1.3167079632573335,-1,-1,11.136316503104265,123.01595146005327,Ajuy
ZONE_00fd0000000000002ef5,-0.18510158013544017,1.032183908045977,26.67404887818544,2553.0680359244097,2.9190303774892747,13,0.15056126319641996,-1,-1,11.17412160187085,123.04230755112884,Ajuy
ZONE_00fd00000000000036d4,-0.0029463759575721863,0.956989247311828,26.499315567656712,2390.4597765520884,2.6303494150056728,178,5.101962506284225,-1,-1,11.11612388106833,123.01128039105878,Ajuy
ZONE_00fd0000000000003a1a,-0.08656036446469248,1.1340579710144927,26.52900412166297,2418.3518040563094,2.6794469935375753,73,1.640961832334353,-1,-1,11.131127694111951,123.01485841931779,Ajuy
ZONE_00fd0000000000003ba8,0.7142162818955042,1.6566265060240963,26.622733642841467,2508.9981791524724,2.8349281688740793,73,2.3661523520951846,-1,-1,11.16303832850243,123.02689074705606,Ajuy
ZONE_00fd0000000000003c13,-0.05012658227848101,0.9929824561403509,26.695583238127167,2571.0907824020555,2.954237194503112,12,0.5621623627975787,-1,-1,11.176990758383317,123.05706547636466,Ajuy
ZONE_00fd000000000000414b,-0.05305191100969766,1.0534188034188035,26.69687146047245,2572.2069914525873,2.956350318214544,14,0.6383078638921266,-1,-1,11.166263108586046,123.06813913304207,Ajuy
ZONE_00fd0000000000004347,-0.18510158013544017,1.032183908045977,26.67404887818544,2553.0680359244097,2.9190303774892747,19,0.7185331463270612,-1,-1,11.170706220387695,123.04268189525513,Ajuy
